tic_id,pl_name,hostname,pl_orbper,pl_trandur,pl_trandep,pl_tranmid,pl_rade,st_rad,ra,dec,sy_dist,sy_tmag
TIC 102264230,WASP-47 e,WASP-47,0.78961,1.899,0.0258,2457012.13666,1.83,1.156,331.203092,-12.019067,264.78,11.29
TIC 106402532,TOI-733 b,TOI-733,4.884765,2.61,0.0478,2458545.7767,1.992,0.949,159.4093183,-40.888259,75.2092,8.8411
TIC 116156517,WASP-190 b,WASP-190,5.367753,4.464,0.62,2457799.1256,12.89035,1.6,7.7095292,-40.5734613,542.251,11.3151
TIC 120960812,Kepler-25 b,Kepler-25,6.238297,3.54393,0.04028,2455703.42004,2.748,1.316,286.6383905,39.4879038,243.249,10.2768
TIC 121108727,Kepler-475 b,Kepler-475,3.105508189,1.721,0.09109,2454966.210436,2.49,0.79,287.051694,40.2114232,280.069,12.6882
TIC 122612091,WASP-72 b,WASP-72,2.21673,3.8789472,0.37,2458789.06301,14.45961,2.18,41.0400779,-30.1690785,434.754,10.4614
TIC 122716169,Kepler-1107 b,Kepler-1107,0.571038518,1.042,0.02626,2454964.653538,1.34,0.82,291.049934,39.141674,428.798,13.5378
TIC 123447592,Kepler-1244 b,Kepler-1244,3.70428172,3.281,0.00583,2454965.2159,1.35,1.77,282.3012505,46.5161814,1075.81,11.9966
TIC 12822545,K2-54 b,K2-54,9.7833,2.7888,0.139,2457012.2875,2.6116925,0.643,338.0541631,-17.5440636,174.955,13.0367
TIC 138433618,Kepler-1870 b,Kepler-1870,3.606940031,1.0258,0.04317,2454956.953067,2.10143764,0.84,293.9335076,40.590704,407.216,12.9026
TIC 14111411,K2-90 c,K2-90,2.900706,1.3032,0.0389,2457066.74,1.3,0.634754,59.1527391,22.4724517,134.188,12.4067
TIC 14160842,K2-85 b,K2-85,0.68453862616,0.8184,0.04,2457065.36778,1.4,0.71,59.464829,18.4649505,97.2179,11.2967
TIC 142748283,TOI-2096 b,TOI-2096,3.1190633,1.072,0.266,2459146.45853,1.243,0.235,151.6186989,74.8272107,48.4809,13.4764
TIC 158002130,TOI-1180 b,TOI-1180,9.686760378,2.749,0.1669,2459950.32735,3.072,0.73,214.5557741,82.1937642,72.0238,10.112
TIC 158170594,Kepler-412 b,Kepler-412,1.7208604,2.03459,1.05413,2454966.02122,15.031269,1.287,286.1103053,43.6809612,1086.24,13.8046
TIC 158272257,Kepler-332 b,Kepler-332,7.626324,2.37,0.02961,2454969.01672,1.17,0.72,286.6627811,47.4136938,344.19,13.4066
TIC 159221689,Kepler-1891 b,Kepler-1891,4.02229023,0.8605,0.02344,2454968.17317,1.52139156,0.827,290.0438524,44.3705375,596.24,13.7513
TIC 159951311,WASP-139 b,WASP-139,5.924262,2.832,1.07,2457196.7933,8.9672,0.8,49.562173,-41.3020235,212.472,11.7276
TIC 16005254,TOI-5344 b,TOI-5344,3.792622,1.773,2.444,2459848.9903,10.60369574,0.588,63.2662165,20.9151568,138.367,13.2239
TIC 160578764,WASP-192 b,WASP-192,2.8786765,2.3136,0.926,2457271.3331,13.78707,1.32,223.6587187,-38.7445469,508.885,12.1014
TIC 164460208,Kepler-303 b,Kepler-303,1.937055,1.535,0.03123,2454967.71867,0.89,0.485,283.1354742,43.6567036,209.738,13.5887
TIC 164525743,Kepler-1443 b,Kepler-1443,2.41811321,2.194,0.00458,2454965.38281,0.97,1.27,283.4357392,47.0667983,593.646,11.8483
TIC 164556761,Kepler-1019 b,Kepler-1019,1.411229847,1.3912,0.03957,2454965.642284,1.46,0.67,283.7175909,47.2043818,194.182,12.8455
TIC 169814632,Kepler-1800 b,Kepler-1800,4.562029839,2.8521,0.00816,2454965.64295,0.99679734,2.506,297.6513317,40.3524154,350.455,12.5401
TIC 187273748,K2-351 b,K2-351,7.806164,2.78,0.0681,2457223.495191,2.54,1.05,206.6522408,-11.8049588,694.734,13.5118
TIC 187273811,K2-192 b,K2-192,4.162817,1.6176,0.0318,2457220.444,1.52,0.81,206.5823122,-11.5563527,221.753,11.898
TIC 188876052,HAT-P-8 b,HAT-P-8,3.07634,3.9016058,0.83,2456052.75596,15.6926,1.57,343.0414932,35.4471778,211.553,9.7758
TIC 193754373,TOI-4487 A b,TOI-4487 A,3.9540709,4.27,0.669,2460079.02001,14.60530185,1.634,306.4220814,45.9710306,479.145,11.4923
TIC 194795551,TOI-3331 A b,TOI-3331 A,2.0180231,2.12304,1.559,2459371.653,12.97999965,0.952,271.3241672,-34.107171,217.193,11.3208
TIC 199444169,TOI-1410.01,TOI-1410,1.21687,1.1120799,0.124,2458739.72931,3.10083009,0.7558,334.8828486,42.5603141,72.7512,10.1917
TIC 199671901,HAT-P-40 b,HAT-P-40,4.45724,6.1368,0.65,2456651.13368,17.03768,1.94,335.5129199,45.4573423,464.469,10.9726
TIC 200805484,TOI-2654 b,TOI-2654,2.96760425926,1.8137941,1.041,2458414.30009512,7.94454164,0.756095,52.9815377,-47.9946912,248.964,13.0725
TIC 207077681,WASP-144 b,WASP-144,2.2783152,1.9536,1.165,2457157.27493,9.52765,0.81,320.7628761,-40.0484393,355.513,12.3119
TIC 212253390,TOI-2211.01,TOI-2211,3.092686757,2.0586,0.02726778,2459038.1032,1.561,0.834,308.5390859,-29.6726127,70.2932,9.2551
TIC 21744120,HAT-P-18 b,HAT-P-18,5.508023,2.7144,2.15847573,2454715.02174,11.153,0.749,256.346376,33.0123251,161.4,11.733
TIC 245946724,K2-395 b,K2-395,4.803352,2.5,,2457825.0089,2.597,0.783,70.4438684,16.6743415,286.727,13.3168
TIC 249022743,TIC 249022743 b,TIC 249022743,2.25719681538,2.9281998,,2458455.57157517,4.79568155,1.2084,78.5762192,-3.4466123,396.46,12.0299
TIC 250977648,K2-39 b,K2-39,4.60543,8.184,0.037,2456985.4268,6.27704,2.97,338.3682095,-9.0229405,307.47,9.9735
TIC 252479260,HAT-P-22 b,HAT-P-22,3.21222,2.653,1.1,2458261.30598,12.89035,1.11,155.6814593,50.1287115,81.7647,9.007
TIC 258349590,Kepler-363 b,Kepler-363,3.614568,3.401,0.00648,2454967.69656,1.16,1.485,283.1920779,41.3054172,762.596,12.8016
TIC 260969020,TIC 260969020 b,TIC 260969020,8.48584501953,2.2696952,,2458631.52270935,2.22686612,0.68988,74.9407148,-79.5859489,121.222,11.4583
TIC 268481319,Kepler-463 b,Kepler-463,8.981016833,1.8737,0.10593,2454969.649263,3.05,0.9,298.9368228,44.8578644,394.804,12.3639
TIC 269217040,KELT-10 b,KELT-10,4.1662739,3.744,1.416,2457066.72045,15.681391,1.209,284.5483823,-47.0033072,188.404,10.2748
TIC 271669616,Kepler-644 b,Kepler-644,3.173917103,3.5066,0.0303,2455003.92435,3.15,1.81,295.4757022,43.4931119,1318.05,13.5456
TIC 27186509,Kepler-1104 b,Kepler-1104,5.03728015,1.8848,0.00784,2454967.1094,1.23,1.41,294.4685197,49.3309789,530.658,11.728
TIC 272178989,Kepler-910 b,Kepler-910,2.364369015,3.2852,0.00288,2454965.25006,0.82,1.5,296.0472937,42.7429414,400.289,11.1493
TIC 273043474,Kepler-1994 b,Kepler-1994,4.61225043,2.695,0.00291,2454966.86134,0.51,0.961,297.1487941,46.2969247,241.991,11.3139
TIC 27394293,Kepler-142 b,Kepler-142,2.024152,2.489,0.02394,2455003.49468,1.99,1.269,295.1190067,48.4813635,548.686,12.7501
TIC 275490034,Kepler-1173 b,Kepler-1173,0.7698536,1.0276,0.01096,2454965.52142,0.89,0.82,293.1311803,45.6634153,377.06,13.2177
TIC 275575525,Kepler-320 b,Kepler-320,8.371554,4.04,0.0098,2454970.67704,1.14,1.108,293.2135155,46.1751457,826.613,13.0599
TIC 27649847,TOI-521 b,TOI-521,1.54285047,1.18,0.21544856,2458492.7153,1.98,0.421,123.3442567,12.2221079,60.9425,12.4029
TIC 277634430,TOI-771 b,TOI-771,2.3260155,0.96,0.32797891,2458572.4191,1.36,0.232,164.1138903,-72.9851736,25.2788,12.0874
TIC 281660552,K2-398 b,K2-398,6.393025,3.7,,2457909.0449,2.274,1.239,161.7349738,1.9367044,606.992,12.6036
TIC 296739893,TOI-620 b,TOI-620,5.0988179,1.36,0.393,2458992.19724,3.76,0.55,142.1734459,-12.1671652,33.0231,10.2139
TIC 299028607,Kepler-1563 b,Kepler-1563,3.43276598,4.156,0.00632,2454965.91355,0.75,0.99,288.5735936,51.4727698,616.697,13.0836
TIC 301031110,HATS-50 b,HATS-50,3.8297015,3.0792,1.22998939,2456870.34792,12.66617,1.117,300.4280761,-26.077564,756.742,13.4041
TIC 305048087,TOI-237 c,TOI-237,1.74486147,0.827,0.314,2459540.35059,1.206,0.2056,353.2435381,-29.416487,38.0749,13.4102
TIC 306648160,TOI-3321 b,TOI-3321,3.6525145,4.31,0.966,2458940.81751,15.55806521,1.549,265.7603351,-65.0082516,285.895,10.6651
TIC 310002617,TOI-4087 b,TOI-4087,3.1774835,2.9842,1.1565,2459244.566414,13.04725353,1.112,217.9257785,83.3727061,301.676,11.2961
TIC 31244979,K2-383 b,K2-383,1.865962,1.9632,0.0383,2457302.0928,1.564,0.804,282.008765,-18.3795798,203.788,11.8437
TIC 31374837,TOI-431 b,TOI-431,0.490047,1.0123328,0.029104,2458627.538,1.28,0.731,83.2692502,-26.7238698,32.5686,8.1705
TIC 325682877,TOI-4363 b,TOI-4363,2.11867592279,1.6776084,0.06648121,2459153.80959543,1.76689273,0.69132,37.1105554,-12.5493631,77.7751,11.2473
TIC 335661164,TOI-7008 b,TOI-7008,0.84069041367,1.6702296,0.2554,2459411.69331352,4.94735276,0.95255,216.9882531,79.450396,410.467,12.9055
TIC 341405597,TOI-6699 b,TOI-6699,5.32005926761,2.5453885,0.0955,2459046.64600095,2.32645266,0.75309,317.0695839,-63.2504996,85.8463,10.4012
TIC 342642208,TOI-2158 b,TOI-2158,8.60077,3.77,0.509,2459018.9225,10.76062147,1.41,276.8100527,20.5268868,198.473,10.1669
TIC 348835438,TOI-2669 b,TOI-2669,6.2034,5.715,0.081,2458521.598,19.72780603,4.1,134.7226445,-13.3125792,393.443,9.9917
TIC 349456525,K2-160 b,K2-160,3.705871,,,2457585.66638,3.17824034,0.913754,184.0545174,-3.5530888,315.363,12.0799
TIC 350153977,TOI-908 b,TOI-908,3.183792,2.457,0.08502084,2459384.292,3.186,1.028,53.1594266,-81.250745,175.748,10.6513
TIC 350293646,WASP-84 c,WASP-84,1.4468849,1.111,0.0532,2457952.4543,1.95,0.768,131.1069959,1.8598933,100.588,10.0471
TIC 354469661,HAT-P-60 b,HAT-P-60,4.7947813,5.035,0.6864,2458360.94029,18.28184752,2.197,28.2825719,52.0539209,233.22,9.17925
TIC 35516889,WASP-19 b,WASP-19,0.78883852,1.607,2.077,2456402.7128,15.86070769,1.006,148.4167672,-45.6591078,268.325,11.6044
TIC 355703913,HATS-34 b,HATS-34,2.1061607,1.5552,1.21422239,2456634.85732,16.02887,0.98,0.7744866,-62.4693167,508.842,13.183
TIC 365102760,TIC 365102760 b,TIC 365102760,4.21285367,5.52,,2458684.146,6.21,3.13,305.8398236,54.3943194,555.546,11.3306
TIC 366411016,K2-180 b,K2-180,8.865663,2.8488,0.0987,2457489.1566,2.46597575,0.719,126.4643579,10.246577,203.896,11.8964
TIC 388801714,K2-210 b,K2-210,0.57023,,,2457465.80382,0.86,0.89,17.6412694,1.5784137,176.51,11.0759
TIC 395393265,TOI-2152 A b,TOI-2152,3.3773512,3.715,0.666,2458927.6498,14.35870428,1.612,26.3389717,77.7901231,303.006,10.7053
TIC 399822422,Kepler-205 b,Kepler-205,2.75564,1.948,0.05464,2455003.84454,1.51,0.546,285.2866912,41.8609357,159.72,12.721
TIC 411608801,WASP-186 b,WASP-186,5.026799,2.704,0.61,2456237.1195,12.44199,1.47,18.9953122,21.6169065,278.514,10.3002
TIC 414843476,K2-107 b,K2-107,3.313959,3.2232,0.6658,2457311.15178,15.98,1.81,284.985355,-22.2934206,685.2,12.2834
TIC 417676990,Kepler-1319 b,Kepler-1319,2.886762645,0.885,0.06318,2454964.66581,1.34,0.54,290.9564463,49.3667933,103.917,13.0621
TIC 422685031,K2-407 b,K2-407,4.941907,2.9,,2457993.5101,1.283,0.927,232.5552584,-23.0067371,218.376,11.4565
TIC 435339847,K2-77 b,K2-77,8.2000844,2.544,0.0831,2457316.80766,2.4996027,0.792,55.228521,12.572448,141.731,11.2867
TIC 437333618,HATS-25 b,HATS-25,4.2986432,3.204,1.52757585,2456870.36872,14.12334,1.107,207.9076746,-23.7812403,471.158,12.472
TIC 455784423,TOI-3629 b,TOI-3629,3.936551,2.2,1.5461,2458784.256,8.29464572,0.6,359.7933851,39.3142556,130.091,12.7882
TIC 458419328,TOI-3785 b,TOI-3785,4.6747373,1.7,0.9254,2458861.49553,5.14,0.5,130.9002258,63.0780768,79.7634,12.4963
TIC 458478250,KELT-23 A b,KELT-23 A,2.255251,2.38104,1.864,2458140.3792,14.829507,0.996,232.1466406,66.3587097,126.261,9.76703
TIC 459762279,TOI-5573 b,TOI-5573,8.79758977,2.76,2.309,2459600.45078,9.75,0.594,136.4259999,55.3071309,186.562,13.6281
TIC 48450369,Kepler-408 b,Kepler-408,2.46502,1.231,0.00306,2454965.67928,0.82,1.23,284.7862158,48.4232622,88.7832,8.327
TIC 51637609,WASP-102 b,WASP-102,2.709813,3.282,0.9949,2457109.45577,14.90794433,1.375,336.4643016,15.8566392,535.689,12.1088
TIC 52689469,HATS-66 b,HATS-66,3.1414391,4.5432,0.54330349,2457603.0514,15.815899,1.841,101.3948048,-33.8816918,1477.98,13.6373
TIC 63282889,Kepler-1825 b,Kepler-1825,1.025869966,0.8069,0.02707,2454964.65551,1.42200732,0.847,292.5140647,42.6517554,430.254,13.7731
TIC 63283780,Kepler-210 b,Kepler-210,2.453234,1.746,0.17519,2455003.89153,2.94,0.65,292.5034196,43.0832188,232.75,13.0702
TIC 67666096,KELT-3 b,KELT-3,2.70339,3.1512,0.89,2458872.854373,17.48604,1.7,148.6431193,40.3879446,210.252,9.43351
TIC 69356857,TOI-5232 b,TOI-5232,4.0966692,4.783,0.48,2459857.92806,12.778238,1.785,294.3374248,35.2764934,609.388,11.7791
TIC 70803960,K2-290 b,K2-290,9.21165,4.96,,2457994.7725,3.06,1.511,234.8578846,-20.1988975,272.909,10.3985
TIC 75878355,TOI-2134 b,TOI-2134,9.229198,2.995,0.1606,2459010.68937,2.735,0.709,271.9355015,39.0729269,22.6202,7.7945
TIC 82308728,HD 97658 b,HD 97658,9.4897116,2.8488,0.0712,2458904.9366,2.12,0.728,168.6376584,25.7105962,21.5618,6.9859
TIC 85266608,WASP-197 b,WASP-197,5.167228,5.9764524,0.3931,2456885.10428,14.44837612,2.112,160.6307133,28.1986255,483.675,10.8583
TIC 86130229,K2-352 b,K2-352,3.665912,1.63,,2458098.635282,1.37,0.95,140.4451478,18.469628,176.051,10.6699
TIC 99834717,KPS-1 b,KPS-1,1.706291,1.68,1.098,2457508.37019,11.54527,0.907,165.167198,64.9638452,262.706,12.212
